ATG,312
GAG,186
AGC,52
CTT,400
GTC,153
CCT,277
GGT,509
TTC,201
AAC,245
AAA,541
ACA,436
CAC,80
CAA,351
CTC,131
AGT,234
TTG,252
GTT,575
TTA,370
CAG,165
CGC,46
GAC,262
GTG,169
GTA,255
CGT,119
GGC,145
TTT,507
GGA,163
TCC,72
TCA,266
GCA,263
CAT,184
GAT,460
ACT,478
TGT,342
GAA,495
CCC,40
TAT,386
ATC,133
TCG,17
GCT,524
CGA,24
CTG,65
ATT,370
TAC,257
ATA,225
CCA,220
AAG,297
AAT,520
GCC,142
CTA,147
TGG,157
ACC,101
GGG,23
TGC,92
AGG,67
ACG,48
TCT,314
AGA,211
GCG,38
CCG,21
CGG,14
TAA,10
TGA,1
TAG,1
