ATT,208
AAA,303
GGT,149
TTA,232
TAC,227
CTT,208
CCC,42
AGG,123
TAA,342
CAA,233
ACC,150
AAC,212
TCG,34
ATC,112
TCT,190
TGT,367
AGA,277
GTT,233
CTC,78
ACG,60
TTT,383
GTG,93
GCT,169
GTC,101
ACT,220
CGG,33
CTG,80
CAT,172
TAG,128
TGC,268
CAC,160
GCA,116
GTA,121
ATA,116
AAT,260
CGT,54
TGA,304
CAG,92
GAC,123
AGT,197
TTC,210
TCC,75
TTG,178
CCG,28
AGC,141
ACA,249
GAA,186
GAT,167
GGA,112
GAG,84
CCT,107
TGG,263
CGA,31
CCA,115
GCC,68
GGC,84
TCA,173
CTA,110
TAT,278
GGG,49
CGC,40
GCG,22
ATG,117
AAG,110
